[
  { "pk": 1, "model": "process_interface.commoditytype", "fields": { "name": "demand" } },
  { "pk": 2, "model": "process_interface.commoditytype", "fields": { "name": "emission" } },
  { "pk": 3, "model": "process_interface.commoditytype", "fields": { "name": "physical" } },

  { "pk": 1, "model": "auth.user", "fields": { "username": "example", "first_name": "Daniel", "last_name": "Demonstration", "is_active": false, "is_superuser": false, "is_staff": false, "last_login": "1970-01-01", "groups": [], "user_permissions": [], "password": "pbkdf2_sha256$DisabledPassword", "email": "example@null.com", "date_joined": "1970-01-01" } },

  { "pk": 1, "model": "process_interface.analysis", "fields": { "global_discount_rate": 0.05, "description": "Utopia is a well-known energy system in the sub-sub discipline of Energy Economy Optimization (EEO).\n\nThis implementation was mainly used to calibrate Temoa, and to compare results against MARKAL.", "user": 1, "period_0": 1990, "name": "Utopia" } },

  { "pk": 1, "model": "process_interface.vintage", "fields": { "analysis": 1, "vintage": 1960 } },
  { "pk": 2, "model": "process_interface.vintage", "fields": { "analysis": 1, "vintage": 1970 } },
  { "pk": 3, "model": "process_interface.vintage", "fields": { "analysis": 1, "vintage": 1980 } },
  { "pk": 4, "model": "process_interface.vintage", "fields": { "analysis": 1, "vintage": 1990 } },
  { "pk": 5, "model": "process_interface.vintage", "fields": { "analysis": 1, "vintage": 2000 } },
  { "pk": 6, "model": "process_interface.vintage", "fields": { "analysis": 1, "vintage": 2010 } },
  { "pk": 7, "model": "process_interface.vintage", "fields": { "analysis": 1, "vintage": 2020 } },

  { "pk": 1, "model": "process_interface.param_segfrac", "fields": { "season": "inter",  "value": 0.1667, "analysis": 1, "time_of_day": "day" } },
  { "pk": 2, "model": "process_interface.param_segfrac", "fields": { "season": "inter",  "value": 0.0833, "analysis": 1, "time_of_day": "night" } },
  { "pk": 3, "model": "process_interface.param_segfrac", "fields": { "season": "summer", "value": 0.1667, "analysis": 1, "time_of_day": "day" } },
  { "pk": 4, "model": "process_interface.param_segfrac", "fields": { "season": "summer", "value": 0.0833, "analysis": 1, "time_of_day": "night" } },
  { "pk": 5, "model": "process_interface.param_segfrac", "fields": { "season": "winter", "value": 0.3333, "analysis": 1, "time_of_day": "day" } },
  { "pk": 6, "model": "process_interface.param_segfrac", "fields": { "season": "winter", "value": 0.1667, "analysis": 1, "time_of_day": "night" } },

  { "pk":  1, "model": "process_interface.technology", "fields": { "user": 1, "capacity_to_activity": 31.54, "name": "E01",     "description": "coal power plant" } },
  { "pk":  2, "model": "process_interface.technology", "fields": { "user": 1, "capacity_to_activity": 31.54, "name": "E21",     "description": "nuclear power plant" } },
  { "pk":  3, "model": "process_interface.technology", "fields": { "user": 1, "capacity_to_activity": 31.54, "name": "E31",     "description": "hydro power" } },
  { "pk":  4, "model": "process_interface.technology", "fields": { "user": 1, "capacity_to_activity": 31.54, "name": "E51",     "description": "electric storage" } },
  { "pk":  5, "model": "process_interface.technology", "fields": { "user": 1, "capacity_to_activity": 31.54, "name": "E70",     "description": "diesel power plant" } },
  { "pk":  6, "model": "process_interface.technology", "fields": { "user": 1, "capacity_to_activity":  1.0 , "name": "IMPDSL1", "description": "imported diesel" } },
  { "pk":  7, "model": "process_interface.technology", "fields": { "user": 1, "capacity_to_activity":  1.0 , "name": "IMPFEQ",  "description": "imported fossil equivalent" } },
  { "pk":  8, "model": "process_interface.technology", "fields": { "user": 1, "capacity_to_activity":  1.0 , "name": "IMPGSL1", "description": "imported gasoline" } },
  { "pk":  9, "model": "process_interface.technology", "fields": { "user": 1, "capacity_to_activity":  1.0 , "name": "IMPHCO1", "description": "imported coal" } },
  { "pk": 10, "model": "process_interface.technology", "fields": { "user": 1, "capacity_to_activity":  1.0 , "name": "IMPHYD",  "description": "imported water; does not exist in Utopia" } },
  { "pk": 11, "model": "process_interface.technology", "fields": { "user": 1, "capacity_to_activity":  1.0 , "name": "IMPOIL1", "description": "imported crude oil" } },
  { "pk": 12, "model": "process_interface.technology", "fields": { "user": 1, "capacity_to_activity":  1.0 , "name": "IMPURN1", "description": "imported uranium" } },
  { "pk": 13, "model": "process_interface.technology", "fields": { "user": 1, "capacity_to_activity":  1.0 , "name": "RHE",     "description": "electric residential heating" } },
  { "pk": 14, "model": "process_interface.technology", "fields": { "user": 1, "capacity_to_activity": 31.54, "name": "RHO",     "description": "diesel residential heating" } },
  { "pk": 15, "model": "process_interface.technology", "fields": { "user": 1, "capacity_to_activity":  1.0 , "name": "RL1",     "description": "residential lighting" } },
  { "pk": 16, "model": "process_interface.technology", "fields": { "user": 1, "capacity_to_activity":  1.0 , "name": "SRE",     "description": "crude oil processor" } },
  { "pk": 17, "model": "process_interface.technology", "fields": { "user": 1, "capacity_to_activity":  1.0 , "name": "TXD",     "description": "diesel powered vehicles" } },
  { "pk": 18, "model": "process_interface.technology", "fields": { "user": 1, "capacity_to_activity":  1.0 , "name": "TXE",     "description": "electric power vehicles" } },
  { "pk": 19, "model": "process_interface.technology", "fields": { "user": 1, "capacity_to_activity":  1.0 , "name": "TXG",     "description": "gasoline powered vehicles" } },
  { "pk": 20, "model": "process_interface.technology", "fields": { "user": 1, "capacity_to_activity": 1.234, "name": "A01",     "description": "Awesome new (old?) technology.  This is a cool new technology that can do lots things that are amazing.  For one thing, it does boozleblats at an impressive rate.  It was not until the 15th century that boozleblats came into high fashion, but ever since then, the atistry required to create them has been owned solely the free masons.\n\nFinally, we have technology A01.  Let's give it applause!" } },

  { "pk": 1, "model": "process_interface.set_tech_baseload", "fields": { "technology": 1, "analysis": 1 } },
  { "pk": 2, "model": "process_interface.set_tech_baseload", "fields": { "technology": 2, "analysis": 1 } },
  { "pk": 3, "model": "process_interface.set_tech_baseload", "fields": { "technology": 3, "analysis": 1 } },

  { "pk": 1, "model": "process_interface.set_tech_storage", "fields": { "technology": 4, "analysis": 1 } },

  { "pk":  1, "model": "process_interface.process", "fields": { "analysis": 1, "vintage": 1, "technology":  1, "existingcapacity": 0.175 } },
  { "pk":  2, "model": "process_interface.process", "fields": { "analysis": 1, "vintage": 2, "technology":  1, "existingcapacity": 0.175 } },
  { "pk":  3, "model": "process_interface.process", "fields": { "analysis": 1, "vintage": 3, "technology":  1, "existingcapacity": 0.15  } },
  { "pk":  4, "model": "process_interface.process", "fields": { "analysis": 1, "vintage": 4, "technology":  1, "costinvest": 2000 } },
  { "pk":  5, "model": "process_interface.process", "fields": { "analysis": 1, "vintage": 5, "technology":  1, "costinvest": 1300 } },
  { "pk":  6, "model": "process_interface.process", "fields": { "analysis": 1, "vintage": 6, "technology":  1, "costinvest": 1200 } },
  { "pk":  7, "model": "process_interface.process", "fields": { "analysis": 1, "vintage": 4, "technology":  2, "costinvest": 5000 } },
  { "pk":  8, "model": "process_interface.process", "fields": { "analysis": 1, "vintage": 5, "technology":  2, "costinvest": 5000 } },
  { "pk":  9, "model": "process_interface.process", "fields": { "analysis": 1, "vintage": 6, "technology":  2, "costinvest": 5000 } },
  { "pk": 10, "model": "process_interface.process", "fields": { "analysis": 1, "vintage": 3, "technology":  3, "existingcapacity": 0.1 } },
  { "pk": 11, "model": "process_interface.process", "fields": { "analysis": 1, "vintage": 4, "technology":  3, "costinvest": 3000 } },
  { "pk": 12, "model": "process_interface.process", "fields": { "analysis": 1, "vintage": 5, "technology":  3, "costinvest": 3000 } },
  { "pk": 13, "model": "process_interface.process", "fields": { "analysis": 1, "vintage": 6, "technology":  3, "costinvest": 3000 } },
  { "pk": 14, "model": "process_interface.process", "fields": { "analysis": 1, "vintage": 3, "technology":  4, "existingcapacity": 0.5 } },
  { "pk": 15, "model": "process_interface.process", "fields": { "analysis": 1, "vintage": 4, "technology":  4, "costinvest": 900 } },
  { "pk": 16, "model": "process_interface.process", "fields": { "analysis": 1, "vintage": 5, "technology":  4, "costinvest": 900 } },
  { "pk": 17, "model": "process_interface.process", "fields": { "analysis": 1, "vintage": 6, "technology":  4, "costinvest": 900 } },
  { "pk": 18, "model": "process_interface.process", "fields": { "analysis": 1, "vintage": 1, "technology":  5, "existingcapacity": 0.05 } },
  { "pk": 19, "model": "process_interface.process", "fields": { "analysis": 1, "vintage": 2, "technology":  5, "existingcapacity": 0.05 } },
  { "pk": 20, "model": "process_interface.process", "fields": { "analysis": 1, "vintage": 3, "technology":  5, "existingcapacity": 0.2 } },
  { "pk": 21, "model": "process_interface.process", "fields": { "analysis": 1, "vintage": 4, "technology":  5, "costinvest": 1000 } },
  { "pk": 22, "model": "process_interface.process", "fields": { "analysis": 1, "vintage": 5, "technology":  5, "costinvest": 1000 } },
  { "pk": 23, "model": "process_interface.process", "fields": { "analysis": 1, "vintage": 6, "technology":  5, "costinvest": 1000 } },
  { "pk": 24, "model": "process_interface.process", "fields": { "analysis": 1, "vintage": 4, "technology":  6 } },
  { "pk": 25, "model": "process_interface.process", "fields": { "analysis": 1, "vintage": 4, "technology":  7 } },
  { "pk": 26, "model": "process_interface.process", "fields": { "analysis": 1, "vintage": 4, "technology":  8 } },
  { "pk": 27, "model": "process_interface.process", "fields": { "analysis": 1, "vintage": 4, "technology":  9 } },
  { "pk": 28, "model": "process_interface.process", "fields": { "analysis": 1, "vintage": 4, "technology": 10 } },
  { "pk": 29, "model": "process_interface.process", "fields": { "analysis": 1, "vintage": 4, "technology": 11 } },
  { "pk": 30, "model": "process_interface.process", "fields": { "analysis": 1, "vintage": 4, "technology": 12 } },
  { "pk": 31, "model": "process_interface.process", "fields": { "analysis": 1, "vintage": 4, "technology": 13, "costinvest": 90 } },
  { "pk": 32, "model": "process_interface.process", "fields": { "analysis": 1, "vintage": 5, "technology": 13, "costinvest": 90 } },
  { "pk": 33, "model": "process_interface.process", "fields": { "analysis": 1, "vintage": 6, "technology": 13, "costinvest": 90 } },
  { "pk": 34, "model": "process_interface.process", "fields": { "analysis": 1, "vintage": 2, "technology": 14, "existingcapacity": 12.5 } },
  { "pk": 35, "model": "process_interface.process", "fields": { "analysis": 1, "vintage": 3, "technology": 14, "existingcapacity": 12.5 } },
  { "pk": 36, "model": "process_interface.process", "fields": { "analysis": 1, "vintage": 4, "technology": 14, "costinvest": 100 } },
  { "pk": 37, "model": "process_interface.process", "fields": { "analysis": 1, "vintage": 5, "technology": 14, "costinvest": 100 } },
  { "pk": 38, "model": "process_interface.process", "fields": { "analysis": 1, "vintage": 6, "technology": 14, "costinvest": 100 } },
  { "pk": 39, "model": "process_interface.process", "fields": { "analysis": 1, "vintage": 3, "technology": 15, "existingcapacity": 5.6, "lifetime": 20 } },
  { "pk": 40, "model": "process_interface.process", "fields": { "analysis": 1, "vintage": 4, "technology": 15 } },
  { "pk": 41, "model": "process_interface.process", "fields": { "analysis": 1, "vintage": 5, "technology": 15 } },
  { "pk": 42, "model": "process_interface.process", "fields": { "analysis": 1, "vintage": 6, "technology": 15 } },
  { "pk": 43, "model": "process_interface.process", "fields": { "analysis": 1, "vintage": 4, "technology": 16, "costinvest": 100 } },
  { "pk": 44, "model": "process_interface.process", "fields": { "analysis": 1, "vintage": 5, "technology": 16, "costinvest": 100 } },
  { "pk": 45, "model": "process_interface.process", "fields": { "analysis": 1, "vintage": 6, "technology": 16, "costinvest": 100 } },
  { "pk": 46, "model": "process_interface.process", "fields": { "analysis": 1, "vintage": 2, "technology": 17, "existingcapacity": 0.4, "lifetime": 30 } },
  { "pk": 47, "model": "process_interface.process", "fields": { "analysis": 1, "vintage": 3, "technology": 17, "existingcapacity": 0.2, "lifetime": 30 } },
  { "pk": 48, "model": "process_interface.process", "fields": { "analysis": 1, "vintage": 4, "technology": 17, "costinvest": 1044 } },
  { "pk": 49, "model": "process_interface.process", "fields": { "analysis": 1, "vintage": 5, "technology": 17, "costinvest": 1044 } },
  { "pk": 50, "model": "process_interface.process", "fields": { "analysis": 1, "vintage": 6, "technology": 17, "costinvest": 1044 } },
  { "pk": 51, "model": "process_interface.process", "fields": { "analysis": 1, "vintage": 4, "technology": 18, "costinvest": 2000 } },
  { "pk": 52, "model": "process_interface.process", "fields": { "analysis": 1, "vintage": 5, "technology": 18, "costinvest": 1750 } },
  { "pk": 53, "model": "process_interface.process", "fields": { "analysis": 1, "vintage": 6, "technology": 18, "costinvest": 1500 } },
  { "pk": 54, "model": "process_interface.process", "fields": { "analysis": 1, "vintage": 2, "technology": 19, "existingcapacity": 3.1, "lifetime": 30 } },
  { "pk": 55, "model": "process_interface.process", "fields": { "analysis": 1, "vintage": 3, "technology": 19, "existingcapacity": 1.5, "lifetime": 30 } },
  { "pk": 56, "model": "process_interface.process", "fields": { "analysis": 1, "vintage": 4, "technology": 19, "costinvest": 1044 } },
  { "pk": 57, "model": "process_interface.process", "fields": { "analysis": 1, "vintage": 5, "technology": 19, "costinvest": 1044 } },
  { "pk": 58, "model": "process_interface.process", "fields": { "analysis": 1, "vintage": 6, "technology": 19, "costinvest": 1044 } },
  { "pk": 59, "model": "process_interface.process", "fields": { "analysis": 1, "vintage": 1, "technology": 20, "lifetime": 45 } },

  { "pk":  1, "model": "process_interface.param_lifetimetech", "fields": { "analysis": 1, "technology":  1, "value":   40} },
  { "pk":  2, "model": "process_interface.param_lifetimetech", "fields": { "analysis": 1, "technology":  2, "value":   40} },
  { "pk":  3, "model": "process_interface.param_lifetimetech", "fields": { "analysis": 1, "technology":  3, "value":  100} },
  { "pk":  4, "model": "process_interface.param_lifetimetech", "fields": { "analysis": 1, "technology":  4, "value":  100} },
  { "pk":  5, "model": "process_interface.param_lifetimetech", "fields": { "analysis": 1, "technology":  5, "value":   40} },
  { "pk":  6, "model": "process_interface.param_lifetimetech", "fields": { "analysis": 1, "technology":  6, "value": 1000} },
  { "pk":  6, "model": "process_interface.param_lifetimetech", "fields": { "analysis": 1, "technology":  7, "value": 1000} },
  { "pk":  6, "model": "process_interface.param_lifetimetech", "fields": { "analysis": 1, "technology":  8, "value": 1000} },
  { "pk":  6, "model": "process_interface.param_lifetimetech", "fields": { "analysis": 1, "technology":  9, "value": 1000} },
  { "pk":  6, "model": "process_interface.param_lifetimetech", "fields": { "analysis": 1, "technology": 10, "value": 1000} },
  { "pk":  6, "model": "process_interface.param_lifetimetech", "fields": { "analysis": 1, "technology": 11, "value": 1000} },
  { "pk":  6, "model": "process_interface.param_lifetimetech", "fields": { "analysis": 1, "technology": 12, "value": 1000} },
  { "pk":  6, "model": "process_interface.param_lifetimetech", "fields": { "analysis": 1, "technology": 13, "value":   30} },
  { "pk":  7, "model": "process_interface.param_lifetimetech", "fields": { "analysis": 1, "technology": 14, "value":   30} },
  { "pk":  8, "model": "process_interface.param_lifetimetech", "fields": { "analysis": 1, "technology": 15, "value":   10} },
  { "pk":  9, "model": "process_interface.param_lifetimetech", "fields": { "analysis": 1, "technology": 16, "value":   50} },
  { "pk": 10, "model": "process_interface.param_lifetimetech", "fields": { "analysis": 1, "technology": 17, "value":   15} },
  { "pk": 11, "model": "process_interface.param_lifetimetech", "fields": { "analysis": 1, "technology": 18, "value":   15} },
  { "pk": 12, "model": "process_interface.param_lifetimetech", "fields": { "analysis": 1, "technology": 19, "value":   15} },

  { "pk":  1, "model": "process_interface.param_lifetimetechloan", "fields": { "analysis": 1, "technology":  1, "value":  40} },
  { "pk":  2, "model": "process_interface.param_lifetimetechloan", "fields": { "analysis": 1, "technology":  2, "value":  40} },
  { "pk":  3, "model": "process_interface.param_lifetimetechloan", "fields": { "analysis": 1, "technology":  3, "value": 100} },
  { "pk":  4, "model": "process_interface.param_lifetimetechloan", "fields": { "analysis": 1, "technology":  4, "value": 100} },
  { "pk":  5, "model": "process_interface.param_lifetimetechloan", "fields": { "analysis": 1, "technology":  5, "value":  40} },
  { "pk":  6, "model": "process_interface.param_lifetimetechloan", "fields": { "analysis": 1, "technology": 13, "value":  30} },
  { "pk":  7, "model": "process_interface.param_lifetimetechloan", "fields": { "analysis": 1, "technology": 14, "value":  30} },
  { "pk":  8, "model": "process_interface.param_lifetimetechloan", "fields": { "analysis": 1, "technology": 15, "value":  10} },
  { "pk":  9, "model": "process_interface.param_lifetimetechloan", "fields": { "analysis": 1, "technology": 16, "value":  50} },
  { "pk": 10, "model": "process_interface.param_lifetimetechloan", "fields": { "analysis": 1, "technology": 17, "value":  15} },
  { "pk": 11, "model": "process_interface.param_lifetimetechloan", "fields": { "analysis": 1, "technology": 18, "value":  15} },
  { "pk": 12, "model": "process_interface.param_lifetimetechloan", "fields": { "analysis": 1, "technology": 19, "value":  15} },

  { "pk":  1, "model": "process_interface.commodity", "fields": { "name": "ethos", "description": "\"dummy commodity\" to supply inputs (makes graph easier to read)" } },
  { "pk":  2, "model": "process_interface.commodity", "fields": { "name": "CSV",   "description": "conservation" } },
  { "pk":  3, "model": "process_interface.commodity", "fields": { "name": "DSL",   "description": "diesel" } },
  { "pk":  4, "model": "process_interface.commodity", "fields": { "name": "ELC",   "description": "electricity" } },
  { "pk":  5, "model": "process_interface.commodity", "fields": { "name": "FEQ",   "description": "fossil equivalent" } },
  { "pk":  6, "model": "process_interface.commodity", "fields": { "name": "GSL",   "description": "gasoline" } },
  { "pk":  7, "model": "process_interface.commodity", "fields": { "name": "HCO",   "description": "coal" } },
  { "pk":  8, "model": "process_interface.commodity", "fields": { "name": "HYD",   "description": "water" } },
  { "pk":  9, "model": "process_interface.commodity", "fields": { "name": "OIL",   "description": "crude oil" } },
  { "pk": 10, "model": "process_interface.commodity", "fields": { "name": "URN",   "description": "uranium" } },
  { "pk": 11, "model": "process_interface.commodity", "fields": { "name": "co2",   "description": "Carbon Dioxide" } },
  { "pk": 12, "model": "process_interface.commodity", "fields": { "name": "nox",   "description": "nitrous oxide" } },
  { "pk": 13, "model": "process_interface.commodity", "fields": { "name": "RH",    "description": "residential heating" } },
  { "pk": 14, "model": "process_interface.commodity", "fields": { "name": "RL",    "description": "residential lighting" } },
  { "pk": 15, "model": "process_interface.commodity", "fields": { "name": "TX",    "description": "transportation" } },

  { "pk":  1, "model": "process_interface.analysiscommodity", "fields": { "analysis": 1, "commodity_type": 1, "commodity": 13 } },
  { "pk":  2, "model": "process_interface.analysiscommodity", "fields": { "analysis": 1, "commodity_type": 1, "commodity": 14 } },
  { "pk":  3, "model": "process_interface.analysiscommodity", "fields": { "analysis": 1, "commodity_type": 1, "commodity": 15 } },
  { "pk":  4, "model": "process_interface.analysiscommodity", "fields": { "analysis": 1, "commodity_type": 2, "commodity": 11 } },
  { "pk":  5, "model": "process_interface.analysiscommodity", "fields": { "analysis": 1, "commodity_type": 2, "commodity": 12 } },
  { "pk":  6, "model": "process_interface.analysiscommodity", "fields": { "analysis": 1, "commodity_type": 3, "commodity":  1 } },
  { "pk":  7, "model": "process_interface.analysiscommodity", "fields": { "analysis": 1, "commodity_type": 3, "commodity":  2 } },
  { "pk":  8, "model": "process_interface.analysiscommodity", "fields": { "analysis": 1, "commodity_type": 3, "commodity":  3 } },
  { "pk":  9, "model": "process_interface.analysiscommodity", "fields": { "analysis": 1, "commodity_type": 3, "commodity":  4 } },
  { "pk": 10, "model": "process_interface.analysiscommodity", "fields": { "analysis": 1, "commodity_type": 3, "commodity":  5 } },
  { "pk": 11, "model": "process_interface.analysiscommodity", "fields": { "analysis": 1, "commodity_type": 3, "commodity":  6 } },
  { "pk": 12, "model": "process_interface.analysiscommodity", "fields": { "analysis": 1, "commodity_type": 3, "commodity":  7 } },
  { "pk": 13, "model": "process_interface.analysiscommodity", "fields": { "analysis": 1, "commodity_type": 3, "commodity":  8 } },
  { "pk": 14, "model": "process_interface.analysiscommodity", "fields": { "analysis": 1, "commodity_type": 3, "commodity":  9 } },
  { "pk": 15, "model": "process_interface.analysiscommodity", "fields": { "analysis": 1, "commodity_type": 3, "commodity": 10 } },

  { "pk":  1, "model": "process_interface.param_demandspecificdistribution", "fields": { "timeslice": 1, "demand": 1, "fraction":  0.12 } },
  { "pk":  2, "model": "process_interface.param_demandspecificdistribution", "fields": { "timeslice": 2, "demand": 1, "fraction":  0.06 } },
  { "pk":  3, "model": "process_interface.param_demandspecificdistribution", "fields": { "timeslice": 5, "demand": 1, "fraction":  0.5467 } },
  { "pk":  4, "model": "process_interface.param_demandspecificdistribution", "fields": { "timeslice": 6, "demand": 1, "fraction":  0.2733 } },
  { "pk":  5, "model": "process_interface.param_demandspecificdistribution", "fields": { "timeslice": 1, "demand": 2, "fraction":  0.15 } },
  { "pk":  6, "model": "process_interface.param_demandspecificdistribution", "fields": { "timeslice": 2, "demand": 2, "fraction":  0.05 } },
  { "pk":  7, "model": "process_interface.param_demandspecificdistribution", "fields": { "timeslice": 3, "demand": 2, "fraction":  0.15 } },
  { "pk":  8, "model": "process_interface.param_demandspecificdistribution", "fields": { "timeslice": 4, "demand": 2, "fraction":  0.05 } },
  { "pk":  9, "model": "process_interface.param_demandspecificdistribution", "fields": { "timeslice": 5, "demand": 2, "fraction":  0.50 } },
  { "pk": 10, "model": "process_interface.param_demandspecificdistribution", "fields": { "timeslice": 6, "demand": 2, "fraction":  0.10 } },

  { "pk":  1, "model": "process_interface.param_costfixed", "fields": { "period": 4, "process":  1, "value":  40 } },
  { "pk":  2, "model": "process_interface.param_costfixed", "fields": { "period": 4, "process":  2, "value":  40 } },
  { "pk":  3, "model": "process_interface.param_costfixed", "fields": { "period": 4, "process":  3, "value":  40 } },
  { "pk":  4, "model": "process_interface.param_costfixed", "fields": { "period": 4, "process":  4, "value":  40 } },
  { "pk":  5, "model": "process_interface.param_costfixed", "fields": { "period": 5, "process":  2, "value":  70 } },
  { "pk":  6, "model": "process_interface.param_costfixed", "fields": { "period": 5, "process":  3, "value":  70 } },
  { "pk":  7, "model": "process_interface.param_costfixed", "fields": { "period": 5, "process":  4, "value":  70 } },
  { "pk":  8, "model": "process_interface.param_costfixed", "fields": { "period": 5, "process":  5, "value":  70 } },
  { "pk":  9, "model": "process_interface.param_costfixed", "fields": { "period": 6, "process":  3, "value": 100 } },
  { "pk": 10, "model": "process_interface.param_costfixed", "fields": { "period": 6, "process":  4, "value": 100 } },
  { "pk": 11, "model": "process_interface.param_costfixed", "fields": { "period": 6, "process":  5, "value": 100 } },
  { "pk": 12, "model": "process_interface.param_costfixed", "fields": { "period": 6, "process":  6, "value": 100 } },
  { "pk": 13, "model": "process_interface.param_costfixed", "fields": { "period": 4, "process":  7, "value": 500 } },
  { "pk": 14, "model": "process_interface.param_costfixed", "fields": { "period": 5, "process":  7, "value": 500 } },
  { "pk": 15, "model": "process_interface.param_costfixed", "fields": { "period": 6, "process":  7, "value": 500 } },
  { "pk": 16, "model": "process_interface.param_costfixed", "fields": { "period": 5, "process":  8, "value": 500 } },
  { "pk": 17, "model": "process_interface.param_costfixed", "fields": { "period": 6, "process":  8, "value": 500 } },
  { "pk": 18, "model": "process_interface.param_costfixed", "fields": { "period": 6, "process":  9, "value": 500 } },
  { "pk": 19, "model": "process_interface.param_costfixed", "fields": { "period": 4, "process": 10, "value":  75 } },
  { "pk": 20, "model": "process_interface.param_costfixed", "fields": { "period": 4, "process": 11, "value":  75 } },
  { "pk": 21, "model": "process_interface.param_costfixed", "fields": { "period": 5, "process": 10, "value":  75 } },
  { "pk": 22, "model": "process_interface.param_costfixed", "fields": { "period": 5, "process": 11, "value":  75 } },
  { "pk": 23, "model": "process_interface.param_costfixed", "fields": { "period": 5, "process": 12, "value":  75 } },
  { "pk": 24, "model": "process_interface.param_costfixed", "fields": { "period": 6, "process": 10, "value":  75 } },
  { "pk": 25, "model": "process_interface.param_costfixed", "fields": { "period": 6, "process": 11, "value":  75 } },
  { "pk": 26, "model": "process_interface.param_costfixed", "fields": { "period": 6, "process": 12, "value":  75 } },
  { "pk": 27, "model": "process_interface.param_costfixed", "fields": { "period": 6, "process": 13, "value":  75 } },
  { "pk": 28, "model": "process_interface.param_costfixed", "fields": { "period": 4, "process": 14, "value":  30 } },
  { "pk": 29, "model": "process_interface.param_costfixed", "fields": { "period": 4, "process": 15, "value":  30 } },
  { "pk": 30, "model": "process_interface.param_costfixed", "fields": { "period": 5, "process": 14, "value":  30 } },
  { "pk": 31, "model": "process_interface.param_costfixed", "fields": { "period": 5, "process": 15, "value":  30 } },
  { "pk": 32, "model": "process_interface.param_costfixed", "fields": { "period": 5, "process": 16, "value":  30 } },
  { "pk": 33, "model": "process_interface.param_costfixed", "fields": { "period": 6, "process": 14, "value":  30 } },
  { "pk": 34, "model": "process_interface.param_costfixed", "fields": { "period": 6, "process": 15, "value":  30 } },
  { "pk": 35, "model": "process_interface.param_costfixed", "fields": { "period": 6, "process": 16, "value":  30 } },
  { "pk": 36, "model": "process_interface.param_costfixed", "fields": { "period": 6, "process": 17, "value":  30 } },
  { "pk": 37, "model": "process_interface.param_costfixed", "fields": { "period": 4, "process": 18, "value":  30 } },
  { "pk": 38, "model": "process_interface.param_costfixed", "fields": { "period": 4, "process": 19, "value":  30 } },
  { "pk": 39, "model": "process_interface.param_costfixed", "fields": { "period": 4, "process": 20, "value":  30 } },
  { "pk": 40, "model": "process_interface.param_costfixed", "fields": { "period": 4, "process": 21, "value":  30 } },
  { "pk": 41, "model": "process_interface.param_costfixed", "fields": { "period": 5, "process": 19, "value":  30 } },
  { "pk": 42, "model": "process_interface.param_costfixed", "fields": { "period": 5, "process": 20, "value":  30 } },
  { "pk": 43, "model": "process_interface.param_costfixed", "fields": { "period": 5, "process": 21, "value":  30 } },
  { "pk": 44, "model": "process_interface.param_costfixed", "fields": { "period": 5, "process": 22, "value":  30 } },
  { "pk": 45, "model": "process_interface.param_costfixed", "fields": { "period": 6, "process": 20, "value":  30 } },
  { "pk": 46, "model": "process_interface.param_costfixed", "fields": { "period": 6, "process": 21, "value":  30 } },
  { "pk": 47, "model": "process_interface.param_costfixed", "fields": { "period": 6, "process": 22, "value":  30 } },
  { "pk": 48, "model": "process_interface.param_costfixed", "fields": { "period": 6, "process": 23, "value":  30 } },
  { "pk": 49, "model": "process_interface.param_costfixed", "fields": { "period": 4, "process": 34, "value":   1 } },
  { "pk": 50, "model": "process_interface.param_costfixed", "fields": { "period": 4, "process": 35, "value":   1 } },
  { "pk": 51, "model": "process_interface.param_costfixed", "fields": { "period": 4, "process": 36, "value":   1 } },
  { "pk": 52, "model": "process_interface.param_costfixed", "fields": { "period": 5, "process": 35, "value":   1 } },
  { "pk": 53, "model": "process_interface.param_costfixed", "fields": { "period": 5, "process": 36, "value":   1 } },
  { "pk": 54, "model": "process_interface.param_costfixed", "fields": { "period": 5, "process": 37, "value":   1 } },
  { "pk": 55, "model": "process_interface.param_costfixed", "fields": { "period": 6, "process": 36, "value":   1 } },
  { "pk": 56, "model": "process_interface.param_costfixed", "fields": { "period": 6, "process": 37, "value":   1 } },
  { "pk": 57, "model": "process_interface.param_costfixed", "fields": { "period": 6, "process": 38, "value":   1 } },
  { "pk": 58, "model": "process_interface.param_costfixed", "fields": { "period": 4, "process": 39, "value":   9.46 } },
  { "pk": 59, "model": "process_interface.param_costfixed", "fields": { "period": 4, "process": 40, "value":   9.46 } },
  { "pk": 60, "model": "process_interface.param_costfixed", "fields": { "period": 5, "process": 41, "value":   9.46 } },
  { "pk": 61, "model": "process_interface.param_costfixed", "fields": { "period": 6, "process": 42, "value":   9.46 } },
  { "pk": 61, "model": "process_interface.param_costfixed", "fields": { "period": 4, "process": 46, "value":  52 } },
  { "pk": 62, "model": "process_interface.param_costfixed", "fields": { "period": 4, "process": 47, "value":  52 } },
  { "pk": 63, "model": "process_interface.param_costfixed", "fields": { "period": 4, "process": 48, "value":  52 } },
  { "pk": 64, "model": "process_interface.param_costfixed", "fields": { "period": 5, "process": 47, "value":  52 } },
  { "pk": 65, "model": "process_interface.param_costfixed", "fields": { "period": 5, "process": 48, "value":  52 } },
  { "pk": 66, "model": "process_interface.param_costfixed", "fields": { "period": 5, "process": 49, "value":  52 } },
  { "pk": 67, "model": "process_interface.param_costfixed", "fields": { "period": 6, "process": 49, "value":  52 } },
  { "pk": 68, "model": "process_interface.param_costfixed", "fields": { "period": 6, "process": 50, "value":  52 } },
  { "pk": 69, "model": "process_interface.param_costfixed", "fields": { "period": 4, "process": 51, "value": 100 } },
  { "pk": 70, "model": "process_interface.param_costfixed", "fields": { "period": 5, "process": 51, "value":  90 } },
  { "pk": 71, "model": "process_interface.param_costfixed", "fields": { "period": 5, "process": 52, "value":  90 } },
  { "pk": 72, "model": "process_interface.param_costfixed", "fields": { "period": 6, "process": 52, "value":  80 } },
  { "pk": 73, "model": "process_interface.param_costfixed", "fields": { "period": 6, "process": 53, "value":  80 } },
  { "pk": 74, "model": "process_interface.param_costfixed", "fields": { "period": 4, "process": 54, "value":  48 } },
  { "pk": 75, "model": "process_interface.param_costfixed", "fields": { "period": 4, "process": 55, "value":  48 } },
  { "pk": 76, "model": "process_interface.param_costfixed", "fields": { "period": 4, "process": 56, "value":  48 } },
  { "pk": 77, "model": "process_interface.param_costfixed", "fields": { "period": 5, "process": 55, "value":  48 } },
  { "pk": 78, "model": "process_interface.param_costfixed", "fields": { "period": 5, "process": 56, "value":  48 } },
  { "pk": 79, "model": "process_interface.param_costfixed", "fields": { "period": 5, "process": 57, "value":  48 } },
  { "pk": 80, "model": "process_interface.param_costfixed", "fields": { "period": 6, "process": 57, "value":  48 } },
  { "pk": 81, "model": "process_interface.param_costfixed", "fields": { "period": 6, "process": 58, "value":  48 } },

  { "pk":  1, "model": "process_interface.param_costvariable", "fields": { "period": 4, "process":  1, "value":  0.3 } },
  { "pk":  2, "model": "process_interface.param_costvariable", "fields": { "period": 4, "process":  2, "value":  0.3 } },
  { "pk":  3, "model": "process_interface.param_costvariable", "fields": { "period": 4, "process":  3, "value":  0.3 } },
  { "pk":  4, "model": "process_interface.param_costvariable", "fields": { "period": 4, "process":  4, "value":  0.3 } },
  { "pk":  5, "model": "process_interface.param_costvariable", "fields": { "period": 5, "process":  2, "value":  0.3 } },
  { "pk":  6, "model": "process_interface.param_costvariable", "fields": { "period": 5, "process":  3, "value":  0.3 } },
  { "pk":  7, "model": "process_interface.param_costvariable", "fields": { "period": 5, "process":  4, "value":  0.3 } },
  { "pk":  8, "model": "process_interface.param_costvariable", "fields": { "period": 5, "process":  5, "value":  0.3 } },
  { "pk":  9, "model": "process_interface.param_costvariable", "fields": { "period": 6, "process":  3, "value":  0.3 } },
  { "pk": 10, "model": "process_interface.param_costvariable", "fields": { "period": 6, "process":  4, "value":  0.3 } },
  { "pk": 11, "model": "process_interface.param_costvariable", "fields": { "period": 6, "process":  5, "value":  0.3 } },
  { "pk": 12, "model": "process_interface.param_costvariable", "fields": { "period": 6, "process":  6, "value":  0.3 } },
  { "pk": 13, "model": "process_interface.param_costvariable", "fields": { "period": 4, "process":  7, "value":  1.5 } },
  { "pk": 14, "model": "process_interface.param_costvariable", "fields": { "period": 5, "process":  7, "value":  1.5 } },
  { "pk": 15, "model": "process_interface.param_costvariable", "fields": { "period": 6, "process":  7, "value":  1.5 } },
  { "pk": 16, "model": "process_interface.param_costvariable", "fields": { "period": 5, "process":  8, "value":  1.5 } },
  { "pk": 17, "model": "process_interface.param_costvariable", "fields": { "period": 6, "process":  8, "value":  1.5 } },
  { "pk": 18, "model": "process_interface.param_costvariable", "fields": { "period": 6, "process":  9, "value":  1.5 } },
  { "pk": 19, "model": "process_interface.param_costvariable", "fields": { "period": 4, "process": 18, "value":  0.4 } },
  { "pk": 20, "model": "process_interface.param_costvariable", "fields": { "period": 4, "process": 19, "value":  0.4 } },
  { "pk": 21, "model": "process_interface.param_costvariable", "fields": { "period": 4, "process": 20, "value":  0.4 } },
  { "pk": 22, "model": "process_interface.param_costvariable", "fields": { "period": 4, "process": 21, "value":  0.4 } },
  { "pk": 23, "model": "process_interface.param_costvariable", "fields": { "period": 5, "process": 19, "value":  0.4 } },
  { "pk": 24, "model": "process_interface.param_costvariable", "fields": { "period": 5, "process": 20, "value":  0.4 } },
  { "pk": 25, "model": "process_interface.param_costvariable", "fields": { "period": 5, "process": 21, "value":  0.4 } },
  { "pk": 26, "model": "process_interface.param_costvariable", "fields": { "period": 5, "process": 22, "value":  0.4 } },
  { "pk": 27, "model": "process_interface.param_costvariable", "fields": { "period": 6, "process": 19, "value":  0.4 } },
  { "pk": 28, "model": "process_interface.param_costvariable", "fields": { "period": 6, "process": 20, "value":  0.4 } },
  { "pk": 29, "model": "process_interface.param_costvariable", "fields": { "period": 6, "process": 21, "value":  0.4 } },
  { "pk": 30, "model": "process_interface.param_costvariable", "fields": { "period": 6, "process": 22, "value":  0.4 } },
  { "pk": 31, "model": "process_interface.param_costvariable", "fields": { "period": 4, "process": 24, "value": 10 } },
  { "pk": 32, "model": "process_interface.param_costvariable", "fields": { "period": 5, "process": 24, "value": 10 } },
  { "pk": 33, "model": "process_interface.param_costvariable", "fields": { "period": 6, "process": 24, "value": 10 } },
  { "pk": 34, "model": "process_interface.param_costvariable", "fields": { "period": 4, "process": 26, "value": 15 } },
  { "pk": 35, "model": "process_interface.param_costvariable", "fields": { "period": 5, "process": 26, "value": 15 } },
  { "pk": 36, "model": "process_interface.param_costvariable", "fields": { "period": 6, "process": 26, "value": 15 } },
  { "pk": 37, "model": "process_interface.param_costvariable", "fields": { "period": 4, "process": 27, "value":  2 } },
  { "pk": 38, "model": "process_interface.param_costvariable", "fields": { "period": 5, "process": 27, "value":  2 } },
  { "pk": 39, "model": "process_interface.param_costvariable", "fields": { "period": 6, "process": 27, "value":  2 } },
  { "pk": 40, "model": "process_interface.param_costvariable", "fields": { "period": 4, "process": 29, "value":  8 } },
  { "pk": 41, "model": "process_interface.param_costvariable", "fields": { "period": 5, "process": 29, "value":  8 } },
  { "pk": 42, "model": "process_interface.param_costvariable", "fields": { "period": 6, "process": 29, "value":  8 } },
  { "pk": 43, "model": "process_interface.param_costvariable", "fields": { "period": 4, "process": 30, "value":  2 } },
  { "pk": 44, "model": "process_interface.param_costvariable", "fields": { "period": 5, "process": 30, "value":  2 } },
  { "pk": 45, "model": "process_interface.param_costvariable", "fields": { "period": 6, "process": 30, "value":  2 } },
  { "pk": 46, "model": "process_interface.param_costvariable", "fields": { "period": 4, "process": 42, "value": 10 } },
  { "pk": 47, "model": "process_interface.param_costvariable", "fields": { "period": 5, "process": 43, "value": 10 } },
  { "pk": 48, "model": "process_interface.param_costvariable", "fields": { "period": 5, "process": 44, "value": 10 } },
  { "pk": 49, "model": "process_interface.param_costvariable", "fields": { "period": 6, "process": 43, "value": 10 } },
  { "pk": 50, "model": "process_interface.param_costvariable", "fields": { "period": 6, "process": 44, "value": 10 } },
  { "pk": 51, "model": "process_interface.param_costvariable", "fields": { "period": 6, "process": 45, "value": 10 } },

  { "pk": 1, "model": "process_interface.param_demand", "fields": { "period": 4, "demand": 1, "value": 25.2 } },
  { "pk": 2, "model": "process_interface.param_demand", "fields": { "period": 5, "demand": 1, "value": 37.8 } },
  { "pk": 3, "model": "process_interface.param_demand", "fields": { "period": 6, "demand": 1, "value": 56.7 } },
  { "pk": 4, "model": "process_interface.param_demand", "fields": { "period": 4, "demand": 2, "value":  5.6 } },
  { "pk": 5, "model": "process_interface.param_demand", "fields": { "period": 5, "demand": 2, "value":  8.4 } },
  { "pk": 6, "model": "process_interface.param_demand", "fields": { "period": 6, "demand": 2, "value": 12.6 } },
  { "pk": 7, "model": "process_interface.param_demand", "fields": { "period": 4, "demand": 3, "value":  5.2 } },
  { "pk": 8, "model": "process_interface.param_demand", "fields": { "period": 5, "demand": 3, "value":  7.8 } },
  { "pk": 9, "model": "process_interface.param_demand", "fields": { "period": 6, "demand": 3, "value": 11.69 } },

  { "pk":  1, "model": "process_interface.param_emissionactivity", "fields": { "emission": 4, "efficiency": 27, "value": 0.075 } },
  { "pk":  2, "model": "process_interface.param_emissionactivity", "fields": { "emission": 4, "efficiency": 29, "value": 0.075 } },
  { "pk":  3, "model": "process_interface.param_emissionactivity", "fields": { "emission": 4, "efficiency": 30, "value": 0.089 } },
  { "pk":  4, "model": "process_interface.param_emissionactivity", "fields": { "emission": 4, "efficiency": 32, "value": 0.075 } },
  { "pk":  5, "model": "process_interface.param_emissionactivity", "fields": { "emission": 5, "efficiency": 52, "value": 1 } },
  { "pk":  6, "model": "process_interface.param_emissionactivity", "fields": { "emission": 5, "efficiency": 53, "value": 1 } },
  { "pk":  7, "model": "process_interface.param_emissionactivity", "fields": { "emission": 5, "efficiency": 54, "value": 1 } },
  { "pk":  8, "model": "process_interface.param_emissionactivity", "fields": { "emission": 5, "efficiency": 55, "value": 1 } },
  { "pk":  9, "model": "process_interface.param_emissionactivity", "fields": { "emission": 5, "efficiency": 56, "value": 1 } },
  { "pk": 10, "model": "process_interface.param_emissionactivity", "fields": { "emission": 5, "efficiency": 60, "value": 1 } },
  { "pk": 11, "model": "process_interface.param_emissionactivity", "fields": { "emission": 5, "efficiency": 61, "value": 1 } },
  { "pk": 12, "model": "process_interface.param_emissionactivity", "fields": { "emission": 5, "efficiency": 62, "value": 1 } },
  { "pk": 13, "model": "process_interface.param_emissionactivity", "fields": { "emission": 5, "efficiency": 63, "value": 1 } },
  { "pk": 14, "model": "process_interface.param_emissionactivity", "fields": { "emission": 5, "efficiency": 64, "value": 1 } },

  { "pk": 1, "model": "process_interface.param_maxcapacity", "fields": { "period": 4, "technology":  3, "value": 0.13 } },
  { "pk": 2, "model": "process_interface.param_maxcapacity", "fields": { "period": 5, "technology":  3, "value": 0.17 } },
  { "pk": 3, "model": "process_interface.param_maxcapacity", "fields": { "period": 6, "technology":  3, "value": 0.21 } },
  { "pk": 4, "model": "process_interface.param_maxcapacity", "fields": { "period": 4, "technology": 13, "value": 0 } },
  { "pk": 5, "model": "process_interface.param_maxcapacity", "fields": { "period": 4, "technology": 17, "value": 0.6 } },
  { "pk": 6, "model": "process_interface.param_maxcapacity", "fields": { "period": 5, "technology": 17, "value": 1.76 } },
  { "pk": 7, "model": "process_interface.param_maxcapacity", "fields": { "period": 6, "technology": 17, "value": 4.76 } },

  { "pk": 1, "model": "process_interface.param_maxcapacity", "fields": { "period": 4, "technology":  3, "value": 0.13 } },
  { "pk": 2, "model": "process_interface.param_maxcapacity", "fields": { "period": 5, "technology":  3, "value": 0.13 } },
  { "pk": 3, "model": "process_interface.param_maxcapacity", "fields": { "period": 6, "technology":  3, "value": 0.13 } },
  { "pk": 4, "model": "process_interface.param_maxcapacity", "fields": { "period": 4, "technology": 16, "value": 0.1 } },

  { "pk": 1, "model": "process_interface.param_techoutputsplit", "fields": { "technology": 16, "out_commodity":  8, "fraction": 0.7 } },
  { "pk": 2, "model": "process_interface.param_techoutputsplit", "fields": { "technology": 16, "out_commodity": 11, "fraction": 0.3 } },

  { "pk":  1, "model": "process_interface.param_efficiency", "fields": { "inp_commodity": 12, "process":  1, "out_commodity":  9, "value": 0.32 } },
  { "pk":  2, "model": "process_interface.param_efficiency", "fields": { "inp_commodity": 12, "process":  2, "out_commodity":  9, "value": 0.32 } },
  { "pk":  3, "model": "process_interface.param_efficiency", "fields": { "inp_commodity": 12, "process":  3, "out_commodity":  9, "value": 0.32 } },
  { "pk":  4, "model": "process_interface.param_efficiency", "fields": { "inp_commodity": 12, "process":  4, "out_commodity":  9, "value": 0.32 } },
  { "pk":  5, "model": "process_interface.param_efficiency", "fields": { "inp_commodity": 12, "process":  5, "out_commodity":  9, "value": 0.32 } },
  { "pk":  6, "model": "process_interface.param_efficiency", "fields": { "inp_commodity": 12, "process":  6, "out_commodity":  9, "value": 0.32 } },
  { "pk":  7, "model": "process_interface.param_efficiency", "fields": { "inp_commodity": 10, "process":  7, "out_commodity":  9, "value": 0.32 } },
  { "pk":  8, "model": "process_interface.param_efficiency", "fields": { "inp_commodity": 10, "process":  8, "out_commodity":  9, "value": 0.32 } },
  { "pk":  9, "model": "process_interface.param_efficiency", "fields": { "inp_commodity": 10, "process":  9, "out_commodity":  9, "value": 0.32 } },
  { "pk": 10, "model": "process_interface.param_efficiency", "fields": { "inp_commodity": 15, "process":  7, "out_commodity":  9, "value": 0.4 } },
  { "pk": 11, "model": "process_interface.param_efficiency", "fields": { "inp_commodity": 15, "process":  8, "out_commodity":  9, "value": 0.4 } },
  { "pk": 12, "model": "process_interface.param_efficiency", "fields": { "inp_commodity": 15, "process":  9, "out_commodity":  9, "value": 0.4 } },
  { "pk": 13, "model": "process_interface.param_efficiency", "fields": { "inp_commodity": 13, "process": 10, "out_commodity":  9, "value": 0.32 } },
  { "pk": 14, "model": "process_interface.param_efficiency", "fields": { "inp_commodity": 13, "process": 11, "out_commodity":  9, "value": 0.32 } },
  { "pk": 15, "model": "process_interface.param_efficiency", "fields": { "inp_commodity": 13, "process": 12, "out_commodity":  9, "value": 0.32 } },
  { "pk": 16, "model": "process_interface.param_efficiency", "fields": { "inp_commodity": 13, "process": 13, "out_commodity":  9, "value": 0.32 } },
  { "pk": 17, "model": "process_interface.param_efficiency", "fields": { "inp_commodity":  9, "process": 14, "out_commodity":  9, "value": 0.720 } },
  { "pk": 18, "model": "process_interface.param_efficiency", "fields": { "inp_commodity":  9, "process": 15, "out_commodity":  9, "value": 0.720 } },
  { "pk": 19, "model": "process_interface.param_efficiency", "fields": { "inp_commodity":  9, "process": 16, "out_commodity":  9, "value": 0.720 } },
  { "pk": 20, "model": "process_interface.param_efficiency", "fields": { "inp_commodity":  9, "process": 17, "out_commodity":  9, "value": 0.720 } },
  { "pk": 21, "model": "process_interface.param_efficiency", "fields": { "inp_commodity":  8, "process": 18, "out_commodity":  9, "value": 0.294 } },
  { "pk": 22, "model": "process_interface.param_efficiency", "fields": { "inp_commodity":  8, "process": 19, "out_commodity":  9, "value": 0.294 } },
  { "pk": 23, "model": "process_interface.param_efficiency", "fields": { "inp_commodity":  8, "process": 20, "out_commodity":  9, "value": 0.294 } },
  { "pk": 24, "model": "process_interface.param_efficiency", "fields": { "inp_commodity":  8, "process": 21, "out_commodity":  9, "value": 0.294 } },
  { "pk": 25, "model": "process_interface.param_efficiency", "fields": { "inp_commodity":  8, "process": 22, "out_commodity":  9, "value": 0.294 } },
  { "pk": 26, "model": "process_interface.param_efficiency", "fields": { "inp_commodity":  8, "process": 23, "out_commodity":  9, "value": 0.294 } },
  { "pk": 27, "model": "process_interface.param_efficiency", "fields": { "inp_commodity":  6, "process": 24, "out_commodity":  8, "value": 1 } },
  { "pk": 28, "model": "process_interface.param_efficiency", "fields": { "inp_commodity":  6, "process": 25, "out_commodity": 10, "value": 1 } },
  { "pk": 29, "model": "process_interface.param_efficiency", "fields": { "inp_commodity":  6, "process": 26, "out_commodity": 11, "value": 1 } },
  { "pk": 30, "model": "process_interface.param_efficiency", "fields": { "inp_commodity":  6, "process": 27, "out_commodity": 12, "value": 1 } },
  { "pk": 31, "model": "process_interface.param_efficiency", "fields": { "inp_commodity":  6, "process": 28, "out_commodity": 13, "value": 1 } },
  { "pk": 32, "model": "process_interface.param_efficiency", "fields": { "inp_commodity":  6, "process": 29, "out_commodity": 14, "value": 1 } },
  { "pk": 33, "model": "process_interface.param_efficiency", "fields": { "inp_commodity":  6, "process": 30, "out_commodity": 15, "value": 1 } },
  { "pk": 34, "model": "process_interface.param_efficiency", "fields": { "inp_commodity":  9, "process": 31, "out_commodity":  1, "value": 1 } },
  { "pk": 35, "model": "process_interface.param_efficiency", "fields": { "inp_commodity":  9, "process": 32, "out_commodity":  1, "value": 1 } },
  { "pk": 36, "model": "process_interface.param_efficiency", "fields": { "inp_commodity":  9, "process": 33, "out_commodity":  1, "value": 1 } },
  { "pk": 37, "model": "process_interface.param_efficiency", "fields": { "inp_commodity":  8, "process": 34, "out_commodity":  1, "value": 0.7 } },
  { "pk": 38, "model": "process_interface.param_efficiency", "fields": { "inp_commodity":  8, "process": 35, "out_commodity":  1, "value": 0.7 } },
  { "pk": 39, "model": "process_interface.param_efficiency", "fields": { "inp_commodity":  8, "process": 36, "out_commodity":  1, "value": 0.7 } },
  { "pk": 40, "model": "process_interface.param_efficiency", "fields": { "inp_commodity":  8, "process": 37, "out_commodity":  1, "value": 0.7 } },
  { "pk": 41, "model": "process_interface.param_efficiency", "fields": { "inp_commodity":  8, "process": 38, "out_commodity":  1, "value": 0.7 } },
  { "pk": 42, "model": "process_interface.param_efficiency", "fields": { "inp_commodity":  9, "process": 39, "out_commodity":  2, "value": 1 } },
  { "pk": 43, "model": "process_interface.param_efficiency", "fields": { "inp_commodity":  9, "process": 40, "out_commodity":  2, "value": 1 } },
  { "pk": 44, "model": "process_interface.param_efficiency", "fields": { "inp_commodity":  9, "process": 41, "out_commodity":  2, "value": 1 } },
  { "pk": 45, "model": "process_interface.param_efficiency", "fields": { "inp_commodity":  9, "process": 42, "out_commodity":  2, "value": 1 } },
  { "pk": 46, "model": "process_interface.param_efficiency", "fields": { "inp_commodity": 14, "process": 43, "out_commodity":  8, "value": 1 } },
  { "pk": 47, "model": "process_interface.param_efficiency", "fields": { "inp_commodity": 14, "process": 44, "out_commodity":  8, "value": 1 } },
  { "pk": 48, "model": "process_interface.param_efficiency", "fields": { "inp_commodity": 14, "process": 45, "out_commodity":  8, "value": 1 } },
  { "pk": 49, "model": "process_interface.param_efficiency", "fields": { "inp_commodity": 14, "process": 43, "out_commodity": 11, "value": 1 } },
  { "pk": 50, "model": "process_interface.param_efficiency", "fields": { "inp_commodity": 14, "process": 44, "out_commodity": 11, "value": 1 } },
  { "pk": 51, "model": "process_interface.param_efficiency", "fields": { "inp_commodity": 14, "process": 45, "out_commodity": 11, "value": 1 } },
  { "pk": 52, "model": "process_interface.param_efficiency", "fields": { "inp_commodity":  8, "process": 46, "out_commodity":  3, "value": 0.231 } },
  { "pk": 53, "model": "process_interface.param_efficiency", "fields": { "inp_commodity":  8, "process": 47, "out_commodity":  3, "value": 0.231 } },
  { "pk": 54, "model": "process_interface.param_efficiency", "fields": { "inp_commodity":  8, "process": 48, "out_commodity":  3, "value": 0.231 } },
  { "pk": 55, "model": "process_interface.param_efficiency", "fields": { "inp_commodity":  8, "process": 49, "out_commodity":  3, "value": 0.231 } },
  { "pk": 56, "model": "process_interface.param_efficiency", "fields": { "inp_commodity":  8, "process": 50, "out_commodity":  3, "value": 0.231 } },
  { "pk": 57, "model": "process_interface.param_efficiency", "fields": { "inp_commodity":  9, "process": 51, "out_commodity":  3, "value": 0.827 } },
  { "pk": 58, "model": "process_interface.param_efficiency", "fields": { "inp_commodity":  9, "process": 52, "out_commodity":  3, "value": 0.827 } },
  { "pk": 59, "model": "process_interface.param_efficiency", "fields": { "inp_commodity":  9, "process": 53, "out_commodity":  3, "value": 0.827 } },
  { "pk": 60, "model": "process_interface.param_efficiency", "fields": { "inp_commodity": 11, "process": 54, "out_commodity":  3, "value": 0.231 } },
  { "pk": 61, "model": "process_interface.param_efficiency", "fields": { "inp_commodity": 11, "process": 55, "out_commodity":  3, "value": 0.231 } },
  { "pk": 62, "model": "process_interface.param_efficiency", "fields": { "inp_commodity": 11, "process": 56, "out_commodity":  3, "value": 0.231 } },
  { "pk": 63, "model": "process_interface.param_efficiency", "fields": { "inp_commodity": 11, "process": 57, "out_commodity":  3, "value": 0.231 } },
  { "pk": 64, "model": "process_interface.param_efficiency", "fields": { "inp_commodity": 11, "process": 58, "out_commodity":  3, "value": 0.231 } }

]
