BEGIN TRANSACTION;
CREATE TABLE "time_season" (
	"t_season"	text,
	PRIMARY KEY("t_season")
);
INSERT INTO `time_season` VALUES ('spring');
INSERT INTO `time_season` VALUES ('summer');
INSERT INTO `time_season` VALUES ('fall');
INSERT INTO `time_season` VALUES ('winter');
CREATE TABLE "time_periods" (
	"t_periods"	integer,
	"flag"	text,
	PRIMARY KEY("t_periods"),
	FOREIGN KEY("flag") REFERENCES "time_period_labels"("t_period_labels")
);
INSERT INTO `time_periods` VALUES (2015,'e');
INSERT INTO `time_periods` VALUES (2020,'f');
INSERT INTO `time_periods` VALUES (2025,'f');
INSERT INTO `time_periods` VALUES (2030,'f');
INSERT INTO `time_periods` VALUES (2035,'f');
CREATE TABLE "time_period_labels" (
	"t_period_labels"	text,
	"t_period_labels_desc"	text,
	PRIMARY KEY("t_period_labels")
);
INSERT INTO `time_period_labels` VALUES ('e','existing vintages');
INSERT INTO `time_period_labels` VALUES ('f','future');
CREATE TABLE "time_of_day" (
	"t_day"	text,
	PRIMARY KEY("t_day")
);
INSERT INTO `time_of_day` VALUES ('day');
INSERT INTO `time_of_day` VALUES ('night');
CREATE TABLE "technology_labels" (
	"tech_labels"	text,
	"tech_labels_desc"	text,
	PRIMARY KEY("tech_labels")
);
INSERT INTO `technology_labels` VALUES ('r','resource technology');
INSERT INTO `technology_labels` VALUES ('p','production technology');
INSERT INTO `technology_labels` VALUES ('pb','baseload production technology');
INSERT INTO `technology_labels` VALUES ('ps','storage production technology');
CREATE TABLE "technologies" (
	"tech"	text,
	"flag"	text,
	"sector"	text,
	"tech_desc"	text,
	"tech_category"	text,
	PRIMARY KEY("tech"),
	FOREIGN KEY("sector") REFERENCES "sector_labels"("sector"),
	FOREIGN KEY("flag") REFERENCES "technology_labels"("tech_labels")
);

INSERT INTO `technologies` VALUES ('S_IMPNG','r','supply',' imported natural gas','');
INSERT INTO `technologies` VALUES ('E_NGCC_CCS','p','electric','#NGCC with carbon capture and storage','');
INSERT INTO `technologies` VALUES ('E_NGCC_CCS_emissions','r','electric','linked process that produces emissions associated with NGCC_CCS','');
INSERT INTO `technologies` VALUES ('co2_passthrough','r','supply','dummy CCS','');
INSERT INTO `technologies` VALUES ('co2_to_seq','r','supply','dummy CCS','');
INSERT INTO `technologies` VALUES ('co2_blend','r','supply','blending carbon for sequestration','');



CREATE TABLE "tech_reserve" (
	"tech"	text,
	"notes"	text,
	PRIMARY KEY("tech")
);
CREATE TABLE "tech_exchange" (
	"tech"	text,
	"notes"	TEXT,
	PRIMARY KEY("tech"),
	FOREIGN KEY("tech") REFERENCES "technologies"("tech")
);
CREATE TABLE "tech_curtailment" (
	"tech"	text,
	"notes"	TEXT,
	PRIMARY KEY("tech"),
	FOREIGN KEY("tech") REFERENCES "technologies"("tech")
);
CREATE TABLE "tech_flex" (
	"tech"	text,
	"notes"	TEXT,
	PRIMARY KEY("tech"),
	FOREIGN KEY("tech") REFERENCES "technologies"("tech")
);


CREATE TABLE "tech_annual" (
	"tech"	text,
	"notes"	TEXT,
	PRIMARY KEY("tech"),
	FOREIGN KEY("tech") REFERENCES "technologies"("tech")
);


CREATE TABLE "sector_labels" (
	"sector"	text,
	PRIMARY KEY("sector")
);
INSERT INTO `sector_labels` VALUES ('supply');
INSERT INTO `sector_labels` VALUES ('electric');
INSERT INTO `sector_labels` VALUES ('transport');
INSERT INTO `sector_labels` VALUES ('commercial');
INSERT INTO `sector_labels` VALUES ('residential');
INSERT INTO `sector_labels` VALUES ('industrial');
CREATE TABLE "regions" (
	"regions"	TEXT,
	"region_note"	TEXT,
	PRIMARY KEY("regions")
);
INSERT INTO `regions` VALUES ('R1',NULL);
INSERT INTO `regions` VALUES ('R2',NULL);
CREATE TABLE "groups" (
	"group_name"	text,
	"notes"	text,
	PRIMARY KEY("group_name")
);
CREATE TABLE "commodity_labels" (
	"comm_labels"	text,
	"comm_labels_desc"	text,
	PRIMARY KEY("comm_labels")
);
INSERT INTO `commodity_labels` VALUES ('p','physical commodity');
INSERT INTO `commodity_labels` VALUES ('e','emissions commodity');
INSERT INTO `commodity_labels` VALUES ('d','demand commodity');
CREATE TABLE "commodities" (
	"comm_name"	text,
	"flag"	text,
	"comm_desc"	text,
	PRIMARY KEY("comm_name"),
	FOREIGN KEY("flag") REFERENCES "commodity_labels"("comm_labels")
);
INSERT INTO `commodities` VALUES ('ethos','p','dummy commodity to supply inputs (makes graph easier to read)');

INSERT INTO `commodities` VALUES ('NG','p','natural gas');
INSERT INTO `commodities` VALUES ('ELC','d','electricity');
INSERT INTO `commodities` VALUES ('CO2','e','CO2 emissions commodity');
INSERT INTO `commodities` VALUES ('CO2_ccs','p','physical CO2 emissions commodity');
INSERT INTO `commodities` VALUES ('CO2_ccs_blnd','p','physical CO2 emissions commodity');
INSERT INTO `commodities` VALUES ('CO2_seq','d','dummy sink for physical CO2 emissions commodity');
INSERT INTO `commodities` VALUES ('co2_dummy','p','dummy sink for physical CO2 emissions commodity');
INSERT INTO `commodities` VALUES ('co2_dummy_blnd','p','dummy sink for physical CO2 emissions commodity');

CREATE TABLE "TechOutputSplit" (
	"regions"	TEXT,
	"periods"	integer,
	"tech"	text,
	"output_comm"	text,
	"to_split"	real,
	"to_split_notes"	text,
	PRIMARY KEY("regions","periods","tech","output_comm"),
	FOREIGN KEY("tech") REFERENCES "technologies"("tech"),
	FOREIGN KEY("output_comm") REFERENCES "commodities"("comm_name"),
	FOREIGN KEY("periods") REFERENCES "time_periods"("t_periods")
);

CREATE TABLE "TechInputSplit" (
	"regions"	TEXT,
	"periods"	integer,
	"input_comm"	text,
	"tech"	text,
	"ti_split"	real,
	"ti_split_notes"	text,
	PRIMARY KEY("regions","periods","input_comm","tech"),
	FOREIGN KEY("input_comm") REFERENCES "commodities"("comm_name"),
	FOREIGN KEY("tech") REFERENCES "technologies"("tech"),
	FOREIGN KEY("periods") REFERENCES "time_periods"("t_periods")
);

CREATE TABLE "StorageDuration" (
	"regions"	text,
	"tech"	text,
	"duration"	real,
	"duration_notes"	text,
	PRIMARY KEY("regions","tech")
);

CREATE TABLE "SegFrac" (
	"season_name"	text,
	"time_of_day_name"	text,
	"segfrac"	real CHECK("segfrac" >= 0 AND "segfrac" <= 1),
	"segfrac_notes"	text,
	PRIMARY KEY("season_name","time_of_day_name"),
	FOREIGN KEY("season_name") REFERENCES "time_season"("t_season"),
	FOREIGN KEY("time_of_day_name") REFERENCES "time_of_day"("t_day")
);
INSERT INTO `SegFrac` VALUES ('spring','day',0.125,'Spring - Day');
INSERT INTO `SegFrac` VALUES ('spring','night',0.125,'Spring - Night');
INSERT INTO `SegFrac` VALUES ('summer','day',0.125,'Summer - Day');
INSERT INTO `SegFrac` VALUES ('summer','night',0.125,'Summer - Night');
INSERT INTO `SegFrac` VALUES ('fall','day',0.125,'Fall - Day');
INSERT INTO `SegFrac` VALUES ('fall','night',0.125,'Fall - Night');
INSERT INTO `SegFrac` VALUES ('winter','day',0.125,'Winter - Day');
INSERT INTO `SegFrac` VALUES ('winter','night',0.125,'Winter - Night');
CREATE TABLE "PlanningReserveMargin" (
	`regions`	text,
	`reserve_margin`	REAL,
	PRIMARY KEY(regions),
	FOREIGN KEY(`regions`) REFERENCES regions
);
CREATE TABLE "Output_V_Capacity" (
	"regions"	text,
	"scenario"	text,
	"sector"	text,
	"tech"	text,
	"vintage"	integer,
	"capacity"	real,
	PRIMARY KEY("regions","scenario","tech","vintage"),
	FOREIGN KEY("tech") REFERENCES "technologies"("tech"),
	FOREIGN KEY("sector") REFERENCES "sector_labels"("sector"),
	FOREIGN KEY("vintage") REFERENCES "time_periods"("t_periods")
);
CREATE TABLE "Output_VFlow_Out" (
	"regions"	text,
	"scenario"	text,
	"sector"	text,
	"t_periods"	integer,
	"t_season"	text,
	"t_day"	text,
	"input_comm"	text,
	"tech"	text,
	"vintage"	integer,
	"output_comm"	text,
	"vflow_out"	real,
	PRIMARY KEY("regions","scenario","t_periods","t_season","t_day","input_comm","tech","vintage","output_comm"),
	FOREIGN KEY("input_comm") REFERENCES "commodities"("comm_name"),
	FOREIGN KEY("tech") REFERENCES "technologies"("tech"),
	FOREIGN KEY("sector") REFERENCES "sector_labels"("sector"),
	FOREIGN KEY("t_day") REFERENCES "time_of_day"("t_day"),
	FOREIGN KEY("t_season") REFERENCES "time_periods"("t_periods"),
	FOREIGN KEY("t_periods") REFERENCES "time_periods"("t_periods"),
	FOREIGN KEY("vintage") REFERENCES "time_periods"("t_periods"),
	FOREIGN KEY("output_comm") REFERENCES "commodities"("comm_name")
);
CREATE TABLE "Output_VFlow_In" (
	"regions"	text,
	"scenario"	text,
	"sector"	text,
	"t_periods"	integer,
	"t_season"	text,
	"t_day"	text,
	"input_comm"	text,
	"tech"	text,
	"vintage"	integer,
	"output_comm"	text,
	"vflow_in"	real,
	PRIMARY KEY("regions","scenario","t_periods","t_season","t_day","input_comm","tech","vintage","output_comm"),
	FOREIGN KEY("output_comm") REFERENCES "commodities"("comm_name"),
	FOREIGN KEY("t_day") REFERENCES "time_of_day"("t_day"),
	FOREIGN KEY("t_season") REFERENCES "time_periods"("t_periods"),
	FOREIGN KEY("t_periods") REFERENCES "time_periods"("t_periods"),
	FOREIGN KEY("input_comm") REFERENCES "commodities"("comm_name"),
	FOREIGN KEY("tech") REFERENCES "technologies"("tech"),
	FOREIGN KEY("vintage") REFERENCES "time_periods"("t_periods"),
	FOREIGN KEY("sector") REFERENCES "sector_labels"("sector")
);
CREATE TABLE "Output_Objective" (
	"scenario"	text,
	"objective_name"	text,
	"total_system_cost"	real
);
CREATE TABLE "Output_Emissions" (
	"regions"	text,
	"scenario"	text,
	"sector"	text,
	"t_periods"	integer,
	"emissions_comm"	text,
	"tech"	text,
	"vintage"	integer,
	"emissions"	real,
	PRIMARY KEY("regions","scenario","t_periods","emissions_comm","tech","vintage"),
	FOREIGN KEY("tech") REFERENCES "technologies"("tech"),
	FOREIGN KEY("emissions_comm") REFERENCES "EmissionActivity"("emis_comm"),
	FOREIGN KEY("sector") REFERENCES "sector_labels"("sector"),
	FOREIGN KEY("t_periods") REFERENCES "time_periods"("t_periods"),
	FOREIGN KEY("vintage") REFERENCES "time_periods"("t_periods")
);
CREATE TABLE "Output_Curtailment" (
	"regions"	text,
	"scenario"	text,
	"sector"	text,
	"t_periods"	integer,
	"t_season"	text,
	"t_day"	text,
	"input_comm"	text,
	"tech"	text,
	"vintage"	integer,
	"output_comm"	text,
	"curtailment"	real,
	PRIMARY KEY("regions","scenario","t_periods","t_season","t_day","input_comm","tech","vintage","output_comm"),
	FOREIGN KEY("output_comm") REFERENCES "commodities"("comm_name"),
	FOREIGN KEY("t_day") REFERENCES "time_of_day"("t_day"),
	FOREIGN KEY("input_comm") REFERENCES "commodities"("comm_name"),
	FOREIGN KEY("vintage") REFERENCES "time_periods"("t_periods"),
	FOREIGN KEY("t_periods") REFERENCES "time_periods"("t_periods"),
	FOREIGN KEY("tech") REFERENCES "technologies"("tech"),
	FOREIGN KEY("t_season") REFERENCES "time_periods"("t_periods")
);
CREATE TABLE "Output_Costs" (
	"regions"	text,
	"scenario"	text,
	"sector"	text,
	"output_name"	text,
	"tech"	text,
	"vintage"	integer,
	"output_cost"	real,
	PRIMARY KEY("regions","scenario","output_name","tech","vintage"),
	FOREIGN KEY("sector") REFERENCES "sector_labels"("sector"),
	FOREIGN KEY("vintage") REFERENCES "time_periods"("t_periods"),
	FOREIGN KEY("tech") REFERENCES "technologies"("tech")
);
CREATE TABLE "Output_Duals" (
	"constraint_name"	text,
	"scenario"	text,
	"dual"	real,
	PRIMARY KEY("constraint_name","scenario")
);
CREATE TABLE "Output_CapacityByPeriodAndTech" (
	"regions"	text,
	"scenario"	text,
	"sector"	text,
	"t_periods"	integer,
	"tech"	text,
	"capacity"	real,
	PRIMARY KEY("regions","scenario","t_periods","tech"),
	FOREIGN KEY("sector") REFERENCES "sector_labels"("sector"),
	FOREIGN KEY("tech") REFERENCES "technologies"("tech"),
	FOREIGN KEY("t_periods") REFERENCES "time_periods"("t_periods")
);
CREATE TABLE "MyopicBaseyear" (
	"year"	real
	"notes"	text	
);
CREATE TABLE "MinGenGroupWeight" (
	"regions"	text,
	"tech"	text,
	"group_name"	text,
	"act_fraction"	REAL,
	"tech_desc"	text,
	PRIMARY KEY("tech","group_name","regions")
);
CREATE TABLE "MinGenGroupTarget" (
	"regions"	text,
	"periods"	integer,
	"group_name"	text,
	"min_act_g"	real,
	"notes"	text,
	PRIMARY KEY("periods","group_name","regions")
);
CREATE TABLE "MinCapacity" (
	"regions"	text,
	"periods"	integer,
	"tech"	text,
	"mincap"	real,
	"mincap_units"	text,
	"mincap_notes"	text,
	PRIMARY KEY("regions","periods","tech"),
	FOREIGN KEY("periods") REFERENCES "time_periods"("t_periods"),
	FOREIGN KEY("tech") REFERENCES "technologies"("tech")
);

CREATE TABLE "MinActivity" (
	"regions"	text,
	"periods"	integer,
	"tech"	text,
	"minact"	real,
	"minact_units"	text,
	"minact_notes"	text,
	PRIMARY KEY("regions","periods","tech"),
	FOREIGN KEY("periods") REFERENCES "time_periods"("t_periods"),
	FOREIGN KEY("tech") REFERENCES "technologies"("tech")
);


CREATE TABLE "MaxCapacity" (
	"regions"	text,
	"periods"	integer,
	"tech"	text,
	"maxcap"	real,
	"maxcap_units"	text,
	"maxcap_notes"	text,
	PRIMARY KEY("regions","periods","tech"),
	FOREIGN KEY("periods") REFERENCES "time_periods"("t_periods"),
	FOREIGN KEY("tech") REFERENCES "technologies"("tech")
);
CREATE TABLE "MaxActivity" (
	"regions"	text,
	"periods"	integer,
	"tech"	text,
	"maxact"	real,
	"maxact_units"	text,
	"maxact_notes"	text,
	PRIMARY KEY("regions","periods","tech"),
	FOREIGN KEY("periods") REFERENCES "time_periods"("t_periods"),
	FOREIGN KEY("tech") REFERENCES "technologies"("tech")
);

#INSERT INTO MaxActivity VALUES ("R1", 2020, 'co2_passthrough', 1000, '', '');
#INSERT INTO MaxActivity VALUES ("R1", 2025, 'co2_passthrough', 1000, '', '');
#INSERT INTO MaxActivity VALUES ("R1", 2030, 'co2_passthrough', 1000, '', '');


CREATE TABLE "LifetimeTech" (
	"regions"	text,
	"tech"	text,
	"life"	real,
	"life_notes"	text,
	PRIMARY KEY("regions","tech"),
	FOREIGN KEY("tech") REFERENCES "technologies"("tech")
);

CREATE TABLE "LifetimeProcess" (
	"regions"	text,
	"tech"	text,
	"vintage"	integer,
	"life_process"	real,
	"life_process_notes"	text,
	PRIMARY KEY("regions","tech","vintage"),
	FOREIGN KEY("vintage") REFERENCES "time_periods"("t_periods"),
	FOREIGN KEY("tech") REFERENCES "technologies"("tech")
);
CREATE TABLE "LifetimeLoanTech" (
	"regions"	text,
	"tech"	text,
	"loan"	real,
	"loan_notes"	text,
	PRIMARY KEY("regions","tech"),
	FOREIGN KEY("tech") REFERENCES "technologies"("tech")
);

CREATE TABLE "GrowthRateSeed" (
	"regions"	text,
	"tech"	text,
	"growthrate_seed"	real,
	"growthrate_seed_units"	text,
	"growthrate_seed_notes"	text,
	PRIMARY KEY("regions","tech"),
	FOREIGN KEY("tech") REFERENCES "technologies"("tech")
);
CREATE TABLE "GrowthRateMax" (
	"regions"	text,
	"tech"	text,
	"growthrate_max"	real,
	"growthrate_max_notes"	text,
	PRIMARY KEY("regions","tech"),
	FOREIGN KEY("tech") REFERENCES "technologies"("tech")
);
CREATE TABLE "GlobalDiscountRate" (
	"rate"	real
);
INSERT INTO `GlobalDiscountRate` VALUES (0.05);
CREATE TABLE "ExistingCapacity" (
	"regions"	text,
	"tech"	text,
	"vintage"	integer,
	"exist_cap"	real,
	"exist_cap_units"	text,
	"exist_cap_notes"	text,
	PRIMARY KEY("regions","tech","vintage"),
	FOREIGN KEY("tech") REFERENCES "technologies"("tech"),
	FOREIGN KEY("vintage") REFERENCES "time_periods"("t_periods")
);

CREATE TABLE "EmissionLimit" (
	"regions"	text,
	"periods"	integer,
	"emis_comm"	text,
	"emis_limit"	real,
	"emis_limit_units"	text,
	"emis_limit_notes"	text,
	PRIMARY KEY("regions","periods","emis_comm"),
	FOREIGN KEY("periods") REFERENCES "time_periods"("t_periods"),
	FOREIGN KEY("emis_comm") REFERENCES "commodities"("comm_name")
);

CREATE TABLE "EmissionActivity" (
	"regions"	text,
	"emis_comm"	text,
	"input_comm"	text,
	"tech"	text,
	"vintage"	integer,
	"output_comm"	text,
	"emis_act"	real,
	"emis_act_units"	text,
	"emis_act_notes"	text,
	PRIMARY KEY("regions","emis_comm","input_comm","tech","vintage","output_comm"),
	FOREIGN KEY("vintage") REFERENCES "time_periods"("t_periods"),
	FOREIGN KEY("input_comm") REFERENCES "commodities"("comm_name"),
	FOREIGN KEY("output_comm") REFERENCES "commodities"("comm_name"),
	FOREIGN KEY("emis_comm") REFERENCES "commodities"("comm_name"),
	FOREIGN KEY("tech") REFERENCES "technologies"("tech")
);
INSERT INTO `EmissionActivity` VALUES ('R1','CO2','ethos','S_IMPNG',2020,'NG',50.3,'kT/PJ','taken from MIT Energy Fact Sheet');
INSERT INTO `EmissionActivity` VALUES ('R1','CO2','NG','E_NGCC_CCS',2020,'ELC',-99.0,'#kt/PJout',NULL);


CREATE TABLE "Efficiency" (
	"regions"	text,
	"input_comm"	text,
	"tech"	text,
	"vintage"	integer,
	"output_comm"	text,
	"efficiency"	real CHECK("efficiency" > 0),
	"eff_notes"	text,
	PRIMARY KEY("regions","input_comm","tech","vintage","output_comm"),
	FOREIGN KEY("output_comm") REFERENCES "commodities"("comm_name"),
	FOREIGN KEY("tech") REFERENCES "technologies"("tech"),
	FOREIGN KEY("vintage") REFERENCES "time_periods"("t_periods"),
	FOREIGN KEY("input_comm") REFERENCES "commodities"("comm_name")
);

INSERT INTO `Efficiency` VALUES ('R1','ethos','S_IMPNG',2020,'NG',1.0,'');
INSERT INTO `Efficiency` VALUES ('R1','NG','E_NGCC_CCS',2020,'ELC',0.45,NULL);
INSERT INTO `Efficiency` VALUES ('R1','ethos','E_NGCC_CCS_emissions',2020,'CO2_ccs',1,NULL);
INSERT INTO `Efficiency` VALUES ('R1','co2_dummy','co2_passthrough',2020,'co2_dummy_blnd',1.0,'');
INSERT INTO `Efficiency` VALUES ('R1','CO2_ccs','co2_to_seq',2020,'CO2_ccs_blnd',1.0,'');
INSERT INTO `Efficiency` VALUES ('R1','co2_dummy_blnd','co2_blend',2020,'CO2_seq',1.0,'');
INSERT INTO `Efficiency` VALUES ('R1','CO2_ccs_blnd','co2_blend',2020,'CO2_seq',1.0,'');

CREATE TABLE "DiscountRate" (
	"regions"	text,
	"tech"	text,
	"vintage"	integer,
	"tech_rate"	real,
	"tech_rate_notes"	text,
	PRIMARY KEY("regions","tech","vintage"),
	FOREIGN KEY("vintage") REFERENCES "time_periods"("t_periods"),
	FOREIGN KEY("tech") REFERENCES "technologies"("tech")
);
CREATE TABLE "DemandSpecificDistribution" (
	"regions"	text,
	"season_name"	text,
	"time_of_day_name"	text,
	"demand_name"	text,
	"dds"	real CHECK("dds" >= 0 AND "dds" <= 1),
	"dds_notes"	text,
	PRIMARY KEY("regions","season_name","time_of_day_name","demand_name"),
	FOREIGN KEY("time_of_day_name") REFERENCES "time_of_day"("t_day"),
	FOREIGN KEY("season_name") REFERENCES "time_season"("t_season"),
	FOREIGN KEY("demand_name") REFERENCES "commodities"("comm_name")
);
INSERT INTO `DemandSpecificDistribution` VALUES ('R1','spring','day','ELC',0.05,'');
INSERT INTO `DemandSpecificDistribution` VALUES ('R1','spring','night','ELC',0.1,'');
INSERT INTO `DemandSpecificDistribution` VALUES ('R1','summer','day','ELC',0.1,'');
INSERT INTO `DemandSpecificDistribution` VALUES ('R1','summer','night','ELC',0.1,'');
INSERT INTO `DemandSpecificDistribution` VALUES ('R1','fall','day','ELC',0.05,'');
INSERT INTO `DemandSpecificDistribution` VALUES ('R1','fall','night','ELC',0.1,'');
INSERT INTO `DemandSpecificDistribution` VALUES ('R1','winter','day','ELC',0.2,'');
INSERT INTO `DemandSpecificDistribution` VALUES ('R1','winter','night','ELC',0.3,'');

CREATE TABLE "Demand" (
	"regions"	text,
	"periods"	integer,
	"demand_comm"	text,
	"demand"	real,
	"demand_units"	text,
	"demand_notes"	text,
	PRIMARY KEY("regions","periods","demand_comm"),
	FOREIGN KEY("demand_comm") REFERENCES "commodities"("comm_name"),
	FOREIGN KEY("periods") REFERENCES "time_periods"("t_periods")
);
INSERT INTO `Demand` VALUES ('R1',2020,'ELC',30.0,'','');
INSERT INTO `Demand` VALUES ('R1',2025,'ELC',33.0,'','');
INSERT INTO `Demand` VALUES ('R1',2030,'ELC',36.0,'','');
INSERT INTO `Demand` VALUES ('R1',2020,'CO2_seq',30000000,'NULL','#dummy demand. Serves as the sink for the co2 coming from CCS plant or DAC ');
INSERT INTO `Demand` VALUES ('R1',2025,'CO2_seq',30000000,'NULL','#dummy demand. Serves as the sink for the co2 coming from CCS plant or DAC ');
INSERT INTO `Demand` VALUES ('R1',2030,'CO2_seq',30000000,'NULL','#dummy demand. Serves as the sink for the co2 coming from CCS plant or DAC ');

CREATE TABLE "CostVariable" (
	"regions"	text NOT NULL,
	"periods"	integer NOT NULL,
	"tech"	text NOT NULL,
	"vintage"	integer NOT NULL,
	"cost_variable"	real,
	"cost_variable_units"	text,
	"cost_variable_notes"	text,
	PRIMARY KEY("regions","periods","tech","vintage"),
	FOREIGN KEY("tech") REFERENCES "technologies"("tech"),
	FOREIGN KEY("periods") REFERENCES "time_periods"("t_periods"),
	FOREIGN KEY("vintage") REFERENCES "time_periods"("t_periods")
);

INSERT INTO `CostVariable` VALUES ('R1',2020,'S_IMPNG',2020,4.0,'$M/PJ','');
INSERT INTO `CostVariable` VALUES ('R1',2025,'S_IMPNG',2020,4.0,'$M/PJ','');
INSERT INTO `CostVariable` VALUES ('R1',2030,'S_IMPNG',2020,4.0,'$M/PJ','');
#INSERT INTO `CostVariable` VALUES ('R1',2020,'E_NGCC',2020,1.6,'$M/PJ','');
#INSERT INTO `CostVariable` VALUES ('R1',2025,'E_NGCC',2020,1.6,'$M/PJ','');
#INSERT INTO `CostVariable` VALUES ('R1',2030,'E_NGCC',2020,1.6,'$M/PJ','');
-- INSERT INTO `CostVariable` VALUES ('R1',2020,'co2_passthrough',2020,10000,'$M/PJ','');
-- INSERT INTO `CostVariable` VALUES ('R1',2025,'co2_passthrough',2020,10000,'$M/PJ','');
-- INSERT INTO `CostVariable` VALUES ('R1',2030,'co2_passthrough',2020,10000,'$M/PJ','');


CREATE TABLE "CostInvest" (
	"regions"	text,
	"tech"	text,
	"vintage"	integer,
	"cost_invest"	real,
	"cost_invest_units"	text,
	"cost_invest_notes"	text,
	PRIMARY KEY("regions","tech","vintage"),
	FOREIGN KEY("vintage") REFERENCES "time_periods"("t_periods"),
	FOREIGN KEY("tech") REFERENCES "technologies"("tech")
);
INSERT INTO `CostInvest` VALUES ('R1','E_NGCC_CCS',2020,5000,'$M/GW','');


CREATE TABLE "CostFixed" (
	"regions"	text NOT NULL,
	"periods"	integer NOT NULL,
	"tech"	text NOT NULL,
	"vintage"	integer NOT NULL,
	"cost_fixed"	real,
	"cost_fixed_units"	text,
	"cost_fixed_notes"	text,
	PRIMARY KEY("regions","periods","tech","vintage"),
	FOREIGN KEY("tech") REFERENCES "technologies"("tech"),
	FOREIGN KEY("periods") REFERENCES "time_periods"("t_periods"),
	FOREIGN KEY("vintage") REFERENCES "time_periods"("t_periods")
);
#INSERT INTO `CostFixed` VALUES ('R1',2020,'E_NGCC',2020,30.6,'$M/GWyr','');
#INSERT INTO `CostFixed` VALUES ('R1',2025,'E_NGCC',2020,9.78,'$M/GWyr','');
#INSERT INTO `CostFixed` VALUES ('R1',2030,'E_NGCC',2020,9.78,'$M/GWyr','');

CREATE TABLE "CapacityToActivity" (
	"regions"	text,
	"tech"	text,
	"c2a"	real,
	"c2a_notes"	TEXT,
	PRIMARY KEY("regions","tech"),
	FOREIGN KEY("tech") REFERENCES "technologies"("tech")
);

INSERT INTO `CapacityToActivity` VALUES ('R1','E_NGCC_CCS',31.54,'');

CREATE TABLE "CapacityFactorTech" (
	"regions"	text,
	"season_name"	text,
	"time_of_day_name"	text,
	"tech"	text,
	"cf_tech"	real CHECK("cf_tech" >= 0 AND "cf_tech" <= 1),
	"cf_tech_notes"	text,
	PRIMARY KEY("regions","season_name","time_of_day_name","tech"),
	FOREIGN KEY("season_name") REFERENCES "time_season"("t_season"),
	FOREIGN KEY("tech") REFERENCES "technologies"("tech"),
	FOREIGN KEY("time_of_day_name") REFERENCES "time_of_day"("t_day")
);

CREATE TABLE "CapacityFactorProcess" (
	"regions"	text,
	"season_name"	text,
	"time_of_day_name"	text,
	"tech"	text,
	"vintage"	integer,
	"cf_process"	real CHECK("cf_process" >= 0 AND "cf_process" <= 1),
	"cf_process_notes"	text,
	PRIMARY KEY("regions","season_name","time_of_day_name","tech","vintage"),
	FOREIGN KEY("tech") REFERENCES "technologies"("tech"),
	FOREIGN KEY("season_name") REFERENCES "time_season"("t_season"),
	FOREIGN KEY("time_of_day_name") REFERENCES "time_of_day"("t_day")
);
CREATE TABLE "CapacityCredit" (
	"regions"	text,
	"periods"	integer,
	"tech"	text,
	"vintage" integer,
	"cf_tech"	real CHECK("cf_tech" >= 0 AND "cf_tech" <= 1),
	"cf_tech_notes"	text,
	PRIMARY KEY("regions","periods","tech","vintage")
);
CREATE TABLE "MaxResource" (
	"regions"	text,
	"tech"	text,
	"maxres"	real,
	"maxres_units"	text,
	"maxres_notes"	text,
	FOREIGN KEY("tech") REFERENCES "technologies"("tech"),
	PRIMARY KEY("regions","tech")
);

CREATE TABLE "LinkedTechs" (
	"primary_region"	text,
	"primary_tech"	text,
	"emis_comm" text, 
 	"linked_tech"	text,
	"tech_linked_notes"	text,
	FOREIGN KEY("primary_tech") REFERENCES "technologies"("tech"),
	FOREIGN KEY("linked_tech") REFERENCES "technologies"("tech"),
	FOREIGN KEY("emis_comm") REFERENCES "commodities"("comm_name"),
	PRIMARY KEY("primary_region","primary_tech", "emis_comm")
);
INSERT INTO `LinkedTechs` VALUES ('R1', 'E_NGCC_CCS', 'CO2', 'E_NGCC_CCS_emissions', NULL);

COMMIT;
